,,,Cars24  ·  Project Protect — Challan Billboard Tracker,,,,,,,,,,,,,,,,,,,,,,,,,,,,Tracker Sheet
,,,,,Traffic Police Permission,,,Municipal Corporation Permission,,,3 · Location Scouting,,,,,4 · Procurement,,,5 · Installation,,,6 · Technical & Go-Live,,,,,,,,,Challan Billboard
City,Current Phase,Progress,Permission POC,Vendor POC,Meeting Done,MoU Sent,MoU Signed,Meeting Done,Application Sent,Signed,Recce Done,Location Identified,Mockup Received,Site Permission (TP+Municipal),Layout Finalised,PR Raised,PO Released,Advance Released,Foundation Done,Screen Installed,Screen Live,ANPR camera installed,Electricity & WiFi done,API in place,Testing live,Testing completed,BILLBOARD LIVE,Last update,Remarks,Expected Go Live Date,Challan Billboard
Bangalore,Gate 6 · Technical & Go-Live,0.826,Prachi Sharma,Pooja Jena,Done,Done,Done,Done,Done,Done,Done,Done,Done,Done,Done,Done,Done,Done,Done,Done,Done,In Progress,In Progress,Done,In Progress,Pending,Done,Wed Jun 10 2026 20:39:29 GMT+0530 (India Standard Time),Permissions received; installing ANPR cameras on junction. Upgrade of original viral site + MG Road.,31st May,Challan Billboard
Jaipur,Gate 6 · Technical & Go-Live,0.957,Yuvraj Yadav,Yuvraj Yadav,Done,Done,Pending,Done,Done,Done,Done,Done,Done,Done,Done,Done,Done,Done,Done,Done,Done,Done,Done,Done,Done,Done,Done,Sat Jun 13 2026 21:14:13 GMT+0530 (India Standard Time),Rambagh live in testing; OTS camera offline (wires cut). Full launch + enforcement app at DCP inauguration.,Tomorrow,Challan Billboard
Gurgaon,Gate 5 · Installation,0.652,Yuvraj Yadav,Mohit Yadav,Done,Done,Done,Done,Done,Done,Done,Done,Done,Done,Done,Done,Done,Done,Done,In Progress,Pending,In Progress,Pending,Pending,Pending,Pending,Pending,Thu Jun 11 2026 12:14:10 GMT+0530 (India Standard Time),MCG permission resolved 1 Jun; concrete/foundation done 2 Jun. Targeting live by 10 Jun.,,Challan Billboard
Pune,Gate 3 · Location Scouting,0.217,Yuvraj Yadav,Mohit Yadav,Done,Done,Done,Done,In Progress,Pending,In Progress,Done,Pending,Pending,Pending,Pending,Pending,Pending,Pending,Pending,Pending,Pending,Pending,Pending,Pending,Pending,Pending,Wed Jun 10 2026 20:39:44 GMT+0530 (India Standard Time),"Pending, will travel to Pune on Monday",,Challan Billboard
Ahmedabad,Gate 2 · Municipal Permission,0.261,Yashwardhan Verma,Pooja Jena,Done,Done,Done,Done,In Progress,Pending,Done,In Progress,Pending,Done,Pending,Pending,Pending,Pending,Pending,Pending,Pending,Pending,Pending,Pending,Pending,Pending,Pending,Wed Jun 10 2026 20:10:30 GMT+0530 (India Standard Time),MoU signed; AMC municipal approval expected ~10 days (new AMC board just formed).,,Challan Billboard
Thane,Gate 1 · TP Permission,0.13,Akshay Manchanda,Pooja Jena,Done,Done,Pending,Pending,Pending,Pending,Done,Pending,Pending,Pending,Pending,Pending,Pending,Pending,Pending,Pending,Pending,Pending,Pending,Pending,Pending,Pending,Pending,Wed Jun 10 2026 20:24:09 GMT+0530 (India Standard Time),Site recce in process; permission to follow once site finalised.,,Challan Billboard
Surat,Gate 1 · TP Permission,0.13,Yuvraj Yadav,Yuvraj Yadav,Done,In Progress,Pending,Pending,Pending,Pending,Done,Done,Pending,Pending,Pending,Pending,Pending,Pending,Pending,Pending,Pending,Pending,Pending,Pending,Pending,Pending,Pending,Wed Jun 10 2026 20:24:23 GMT+0530 (India Standard Time),CP / Addl CP / DCP met and impressed; billboard + signage approvals expected in 10–15 days.,Next week,Challan Billboard
Ranchi,Gate 1 · TP Permission,0.043,Yuvraj Yadav,Yuvraj Yadav,Done,Pending,Pending,Pending,Pending,Pending,Pending,Pending,Pending,Pending,Pending,Pending,Pending,Pending,Pending,Pending,Pending,Pending,Pending,Pending,Pending,Pending,Pending,Wed Jun 10 2026 20:24:10 GMT+0530 (India Standard Time),Met SP and ADG; final approval meeting pending.,,Challan Billboard
Ghaziabad,Gate 1 · TP Permission,0.043,Yuvraj Yadav,Mohit Yadav,Done,Pending,Pending,Pending,Pending,Pending,Pending,Pending,Pending,Pending,Pending,Pending,Pending,Pending,Pending,Pending,Pending,Pending,Pending,Pending,Pending,Pending,Pending,Thu Jun 04 2026 12:30:00 GMT+0530 (India Standard Time),Intro meeting with Addl CP / ADCP done; decision meeting scheduled next week.,,Challan Billboard
Chennai,Gate 1 · TP Permission,0.043,Yuvraj Yadav,Yuvraj Yadav,Done,Pending,Pending,Pending,Pending,Pending,Pending,Pending,Pending,Pending,Pending,Pending,Pending,Pending,Pending,Pending,Pending,Pending,Pending,Pending,Pending,Pending,Pending,Thu Jun 04 2026 12:30:00 GMT+0530 (India Standard Time),MoU sign-off on hold due to Tamil Nadu election; Addl CP indicates it will be sorted soon.,,Challan Billboard
Kochi,Outreach,0,Yuvraj Yadav,Yuvraj Yadav,Pending,Pending,Pending,Pending,Pending,Pending,Pending,Pending,Pending,Pending,Pending,Pending,Pending,Pending,Pending,Pending,Pending,Pending,Pending,Pending,Pending,Pending,Pending,Thu Jun 04 2026 12:30:00 GMT+0530 (India Standard Time),Initial response from Dy Commissioner (L&O); demo meeting expected in ~10 days.,,Challan Billboard
Delhi,Outreach,0.043,Yuvraj Yadav,Yuvraj Yadav,Done,Pending,Pending,Pending,Pending,Pending,Pending,Pending,Pending,Pending,Pending,Pending,Pending,Pending,Pending,Pending,Pending,Pending,Pending,Pending,Pending,Pending,Pending,Thu Jun 04 2026 12:30:00 GMT+0530 (India Standard Time),Trying to reach Addl CP Vijayanta Arya & Dinesh Kumar Gupta; awaiting response.,,Challan Billboard
Mohali,Outreach,0,Yuvraj Yadav,Mohit Yadav,Pending,Pending,Pending,Pending,Pending,Pending,Pending,Pending,Pending,Pending,Pending,Pending,Pending,Pending,Pending,Pending,Pending,Pending,Pending,Pending,Pending,Pending,Pending,Thu Jun 04 2026 12:30:00 GMT+0530 (India Standard Time),Trying to set up meeting with officials next week.,,Challan Billboard
Noida,Backlog,0,Yuvraj Yadav,Mohit Yadav,Pending,Pending,Pending,Pending,Pending,Pending,Pending,Pending,Pending,Pending,Pending,Pending,Pending,Pending,Pending,Pending,Pending,Pending,Pending,Pending,Pending,Pending,Pending,Thu Jun 04 2026 12:30:00 GMT+0530 (India Standard Time),Backlog — not yet initiated.,,Challan Billboard
Lucknow,Backlog,0,Deepanshu Gupta,Yuvraj Yadav,Pending,Pending,Pending,Pending,Pending,Pending,Pending,Pending,Pending,Pending,Pending,Pending,Pending,Pending,Pending,Pending,Pending,Pending,Pending,Pending,Pending,Pending,Pending,Thu Jun 04 2026 12:30:00 GMT+0530 (India Standard Time),Backlog — not yet initiated.,,Challan Billboard
Faridabad,Backlog,0,Yuvraj Yadav,Mohit Yadav,Pending,Pending,Pending,Pending,Pending,Pending,Pending,Pending,Pending,Pending,Pending,Pending,Pending,Pending,Pending,Pending,Pending,Pending,Pending,Pending,Pending,Pending,Pending,Thu Jun 04 2026 12:30:00 GMT+0530 (India Standard Time),Backlog — not yet initiated.,,Challan Billboard
Rajkot,Backlog,0,Yuvraj Yadav,Yuvraj Yadav,Pending,Pending,Pending,Pending,Pending,Pending,Pending,Pending,Pending,Pending,Pending,Pending,Pending,Pending,Pending,Pending,Pending,Pending,Pending,Pending,Pending,Pending,Pending,Thu Jun 04 2026 12:30:00 GMT+0530 (India Standard Time),Backlog — not yet initiated.,,Challan Billboard
,,,,,Traffic Police Permission,,,Municipal Corporation Permission,,,3 · Designing,,,,,4 · Procurement,,,5 · Installation,,,Last update,Remarks,Expected Go Live Date,Road Safety Signages,,,,,,
City,Current Phase,Progress,Permission POC,Vendor POC,Meeting Done,MoU Sent,MoU Signed,Meeting Done,Application Sent,Signed,Design Drafted,Design Approved by Dept,Vendor Recce Done,Recce Images Received,Sampling Done,PR Raised,PO Released,Advance Released,Production Done,Boards Installed,Live,,,,Road Safety Signages,,,,,,
Gurgaon,Live,1,Yuvraj Yadav,Mohit Yadav,Done,Done,Done,Done,Done,Done,Done,Done,Done,Done,Done,Done,Done,Done,Done,Done,Done,Thu Jun 04 2026 12:30:00 GMT+0530 (India Standard Time),"100 boards live (55 No Parking, 36 Stay-in-Lane; 9 removed by NHAI/MCG). Logo capped ~10% (MCG 0.2 sqm). Next round via GMDA MoU.",,Road Safety Signages,,,,,,
Ahmedabad,Gate 2 · Municipal Permission,0.118,Yuvraj Yadav,Mohit Yadav,Done,Pending,Pending,Done,Pending,Pending,Pending,Pending,Pending,Pending,Pending,Pending,Pending,Pending,Pending,Pending,Pending,Thu Jun 04 2026 12:30:00 GMT+0530 (India Standard Time),AMC (Kamlesh Damor) positive; awaiting finalised blackspot list. ~120 boards already installed by them.,,Road Safety Signages,,,,,,
Surat,Gate 1 · TP Permission,0.118,Yuvraj Yadav,Mohit Yadav,Done,Done,Pending,Pending,Pending,Pending,Pending,Pending,Pending,Pending,Pending,Pending,Pending,Pending,Pending,Pending,Pending,Thu Jun 04 2026 12:30:00 GMT+0530 (India Standard Time),Signage proposal sent; MoU expected in ~10 days.,,Road Safety Signages,,,,,,
Delhi,Gate 1 · TP Permission,0.118,Yuvraj Yadav,Mohit Yadav,Done,Done,Pending,Pending,Pending,Pending,Pending,Pending,Pending,Pending,Pending,Pending,Pending,Pending,Pending,Pending,Pending,Thu Jun 04 2026 12:30:00 GMT+0530 (India Standard Time),Meeting with Addl CP Vijayanta Arya done; proposal sent.,,Road Safety Signages,,,,,,
Ghaziabad,Gate 1 · TP Permission,0.059,Yuvraj Yadav,Mohit Yadav,Done,Pending,Pending,Pending,Pending,Pending,Pending,Pending,Pending,Pending,Pending,Pending,Pending,Pending,Pending,Pending,Pending,Thu Jun 04 2026 12:30:00 GMT+0530 (India Standard Time),Intro meeting with Addl CP / ADCP done; final meeting next week.,,Road Safety Signages,,,,,,
Jaipur,Gate 1 · TP Permission,0.118,Yuvraj Yadav,Mohit Yadav,Done,Pending,Pending,Pending,Pending,Pending,Done,Pending,Pending,Pending,Pending,Pending,Pending,Pending,Pending,Pending,Pending,Thu Jun 04 2026 12:30:00 GMT+0530 (India Standard Time),"Signage proposal initiated 3 Jun, after billboard testing with traffic police.",,Road Safety Signages,,,,,,